title,provider,exam_code,category,url
Salesforce Accredited Agentforce 360 for Public Sector Professional Practice Test,Salesforce,AP-222,AI & Agentforce,https://www.udemy.com/course/salesforce-ap-222-agentforce-360-practice-exams/?referralCode=72A3DF9521363C2AE902
Salesforce AP-202 B2B Commerce Dev Practice Tests,Salesforce,AP-202,Commerce,https://www.udemy.com/course/salesforce-ap-202-b2b-commerce-dev-practice-tests/?referralCode=18C7985A5CBBD1AC592D
Salesforce AP-201 B2B Commerce Admin Practice Tests,Salesforce,AP-201,Commerce,https://www.udemy.com/course/salesforce-ap-201-b2b-commerce-admin-practice-tests/?referralCode=0B28A68FCA7F9C9AFAEE
Salesforce AP-203 Communications Practice Tests,Salesforce,AP-203,Industry solutions,https://www.udemy.com/course/salesforce-ap-203-communications-practice-tests/?referralCode=276CF3A56EA26E3F61C5
Salesforce AP-204 Consumer Goods Practice Tests,Salesforce,AP-204,Industry solutions,https://www.udemy.com/course/salesforce-ap-204-consumer-goods-practice-tests/?referralCode=82899452AAFE88E614A3
Salesforce AP-205 Trade Promotion Practice Tests,Salesforce,AP-205,Industry solutions,https://www.udemy.com/course/salesforce-ap-205-trade-promotion-practice-tests/?referralCode=4CEF0A93F1C9627644C0
Salesforce AP-207 Energy Utilities Practice Tests,Salesforce,AP-207,Industry solutions,https://www.udemy.com/course/salesforce-ap-207-energy-utilities-practice-tests/?referralCode=DFB7B119F7D59D21C6C1
Salesforce AP-208 Financial Services Practice Tests,Salesforce,AP-208,Industry solutions,https://www.udemy.com/course/salesforce-ap-208-financial-services-practice-tests/?referralCode=17A08AA496F5F3B0A1FA
Salesforce AP-209 Field Service Practice Tests,Salesforce,AP-209,Industry solutions,https://www.udemy.com/course/salesforce-ap-209-field-service-practice-tests/?referralCode=8830E5A4A4E59926624D
Salesforce AP-211 Agentforce Health Practice Tests,Salesforce,AP-211,AI & Agentforce,https://www.udemy.com/course/salesforce-ap-211-agentforce-health-practice-tests/?referralCode=A7EEA98350D6D06F05C3
Salesforce AP-212 Loyalty Management Practice Tests,Salesforce,AP-212,Marketing & experience,https://www.udemy.com/course/salesforce-ap-212-loyalty-management-practice-tests/?referralCode=084B5E695644F8A521CC
Salesforce AP-213 Manufacturing Practice Tests,Salesforce,AP-213,Industry solutions,https://www.udemy.com/course/salesforce-ap-213-manufacturing-practice-tests/?referralCode=6C73761FE9CBD89C4312
Salesforce AP-214 Cross Channel Practice Tests,Salesforce,AP-214,Marketing & experience,https://www.udemy.com/course/salesforce-ap-214-cross-channel-practice-tests/?referralCode=C8A072A5B7FFFED7F424
Salesforce AP-215 MC Intelligence Practice Tests,Salesforce,AP-215,Marketing & experience,https://www.udemy.com/course/salesforce-ap-215-mc-intelligence-practice-tests/?referralCode=09ABCAA6763D82BC2DEA
Salesforce AP-216 Personalization Practice Tests,Salesforce,AP-216,Marketing & experience,https://www.udemy.com/course/salesforce-ap-216-personalization-practice-tests/?referralCode=A69A87CD610BEF16FD30
Salesforce AP-217 Media Cloud Practice Tests,Salesforce,AP-217,Industry solutions,https://www.udemy.com/course/salesforce-ap-217-media-cloud-practice-tests/?referralCode=FE7F84058F585C560FB8
Salesforce AP-218 Net Zero Cloud Practice Tests,Salesforce,AP-218,Industry solutions,https://www.udemy.com/course/salesforce-ap-218-net-zero-cloud-practice-tests/?referralCode=CC036FDC698B4BBAB6A3
Salesforce AP-219 Order Management Admin Tests,Salesforce,AP-219,Revenue & operations,https://www.udemy.com/course/salesforce-ap-219-order-management-admin-tests/?referralCode=579D62791935B49C7A2D
Salesforce AP-220 Order Management Dev Tests,Salesforce,AP-220,Revenue & operations,https://www.udemy.com/course/salesforce-ap-220-order-management-dev-tests/?referralCode=FEF11A392420E2D90EFF
Salesforce AP-221 Process Automation Practice Tests,Salesforce,AP-221,Revenue & operations,https://www.udemy.com/course/salesforce-ap-221-process-automation-practice-tests/?referralCode=FC9C4EAB8EC2145EF52F
Salesforce AP-223 CPQ and Billing Practice Tests,Salesforce,AP-223,Revenue & operations,https://www.udemy.com/course/salesforce-ap-223-cpq-and-billing-practice-tests/?referralCode=1BFF4672F51D8C7D4B17
Salesforce AP-225 Heroku Developer Practice Tests,Salesforce,AP-225,Developer platform,https://www.udemy.com/course/salesforce-ap-225-heroku-developer-practice-tests/?referralCode=F9857094EF17854A6478
Salesforce AP-226 Contact Center Practice Tests,Salesforce,AP-226,Industry solutions,https://www.udemy.com/course/salesforce-ap-226-contact-center-practice-tests/?referralCode=7981693E5FFB090161EB
